{
  "id": "05606ac2-a53b-490f-9f6c-dcf854bedd40",
  "address": "f31c46f2939f2dddfe5fe5bc19bc60238d1114de9a7df573353183b6029d1c4d",
  "filename": "example_file.txt",
  "relative_path": "content_files/example_file.txt",
  "uploader": "Justin Dobson",
  "uploader_email": "justrightdecorators@gmail.com",
  "uploader_wallet": "2UsopMebixdg21RcNxFiL2dU5sCmebUtWQLjJT878gnV",
  "timestamp": "2025-12-26T05:29:30+00:00",
  "file_size_bytes": 533,
  "sha256": "bb248bca8396179e0f4c4795fe8b3a1176e707171f16a964082c1dac2d91ffec",
  "royalty_usd": 0.01,
  "violations": []
}