{
  "id": "1ae0dff2-b98f-46d5-90ff-355e9071d05a",
  "address": "7311ce346a0afac624ab07fc2c9e74825f5a6db998e7f55ea349ea3d75d4bce3",
  "filename": "example_file.txt",
  "relative_path": "content_files/example_file.txt",
  "uploader": "Justin Dobson",
  "uploader_email": "justrightdecorators@gmail.com",
  "uploader_wallet": "2UsopMebixdg21RcNxFiL2dU5sCmebUtWQLjJT878gnV",
  "timestamp": "2025-12-26T05:09:06+00:00",
  "file_size_bytes": 533,
  "sha256": "bb248bca8396179e0f4c4795fe8b3a1176e707171f16a964082c1dac2d91ffec",
  "royalty_usd": 0.01,
  "violations": []
}