{
  "id": "76239dcc-1982-44df-be39-0215cb3478ca",
  "address": "6e6333a8a6efd3e46df71b5b25338411d35753813657b30abe4b1cdfbf7eb1c2",
  "filename": "example_file.txt",
  "relative_path": "content_files/example_file.txt",
  "uploader": "Justin Dobson",
  "uploader_email": "justrightdecorators@gmail.com",
  "uploader_wallet": "2UsopMebixdg21RcNxFiL2dU5sCmebUtWQLjJT878gnV",
  "timestamp": "2025-12-26T05:29:39+00:00",
  "file_size_bytes": 533,
  "sha256": "bb248bca8396179e0f4c4795fe8b3a1176e707171f16a964082c1dac2d91ffec",
  "royalty_usd": 0.01,
  "violations": []
}