{
  "id": "c07f025c-f4af-4027-980f-82582e768ec4",
  "address": "eca0545e483d0b55070e28c2d9b3375747d4018ed8ea05f00b24d0a752332a40",
  "filename": "example_file.txt",
  "relative_path": "content_files/example_file.txt",
  "uploader": "Justin Dobson",
  "uploader_email": "justrightdecorators@gmail.com",
  "uploader_wallet": "2UsopMebixdg21RcNxFiL2dU5sCmebUtWQLjJT878gnV",
  "timestamp": "2025-12-26T05:27:50+00:00",
  "file_size_bytes": 533,
  "sha256": "bb248bca8396179e0f4c4795fe8b3a1176e707171f16a964082c1dac2d91ffec",
  "royalty_usd": 0.01,
  "violations": []
}