{
  "id": "d991d488-d019-4717-bee4-cb1bbe3b51d9",
  "address": "c6d47cd86a59a638db9cbea714817a733ef9fcb26c2568540fe89a9d494ff2d7",
  "filename": "example_file.txt",
  "relative_path": "content_files/example_file.txt",
  "uploader": "Justin Dobson",
  "uploader_email": "justrightdecorators@gmail.com",
  "uploader_wallet": "2UsopMebixdg21RcNxFiL2dU5sCmebUtWQLjJT878gnV",
  "timestamp": "2025-12-26T06:45:19+00:00",
  "file_size_bytes": 533,
  "sha256": "bb248bca8396179e0f4c4795fe8b3a1176e707171f16a964082c1dac2d91ffec",
  "royalty_usd": 0.01,
  "violations": []
}